title,price,images,rating
"HP Victus FA0033DX Gaming Laptop - Intel Core i5-12450H, NVIDIA GeForce RTX 3050, 8GB RAM, 512GB SSD, FHD 144Hz Display - High Performance for Gaming & Productivity, Blue",31000,https://m.media-amazon.com/images/I/51utVqmZmDL._AC_UL320_.jpg,5.0
"Lenovo IdeaPad Gaming 3 15ARH7 - Ryzen 7 7735HS, NVIDIA GeForce RTX 4050 6GB GDDR6 Graphics,16GB DDR5-4800 RAM, 512GB SSD, 15.6"" FHD (1920x1080) IPS 250nits 120Hz, Backlit Keyboard-2 Years Warranty",45999,https://m.media-amazon.com/images/I/51njTPRDwHL._AC_UL320_.jpg,4.2
ASUS TUF Gaming A15 FA506NFR-HN007W Gaming Laptop AMD R7 7435HS 8GB RAM 512GB SSD RTX 2050 4GB 15.6” FHD 144Hz Win11 Graphite Black - 90NR0JU7-M000R0,30699,https://m.media-amazon.com/images/I/5110QltXM7L._AC_UL320_.jpg,2.9
"Lenovo Legion Pro 5-13th i7-13700HX-16Cores, 32GB DDR5, 1TB SSD, NVIDIA GeForce RTX 4060 8GB GDDR6 Graphics, 16"" WQXGA (2560x1600) IPS 500nits 100sRGB 240Hz,AI Chip:LA1, 2 Years warranty, Aluminum Top",91113,https://m.media-amazon.com/images/I/618D2DEnM8L._AC_UL320_.jpg,4.0
"Lenovo Legion 5 16IRX9 Gaming - Intel Core i9-14900HX 24 Cores, 32GB DDR5-5600 RAM, 1TB SSD, NVIDIA GeForce RTX 4060 8GB GDDR6 Graphics, 16"" WQXGA (2560x1600) IPS 350nits 100% sRGB 165Hz G-SYNC, Win11",95599,https://m.media-amazon.com/images/I/81bfTnWurTL._AC_UL320_.jpg,3.9
"Lenovo Legion 7 Gaming Laptop, 16"" WQXGA 165Hz HDR, AMD Ryzen 9 5900HX, 32GB (2x16GB) RAM, 1TB SSD, NVIDIA RTX 3080_16GB, Windows 11, Per-Key RGB Keyboard, Storm Grey – Peak Gaming Performance",92899,https://m.media-amazon.com/images/I/41SkIEjxCML._AC_UL320_.jpg,nan
MSI Cyborg 15 A13VF - Intel® Core™ i7-13620H Processor Nvidia RTX 4060-8GB GDDR6 Graphics - 16GB DDR5-512 GB SSD - 15.6-Inch FHD Screen - Translucent Black - Local Warranty,50888,https://m.media-amazon.com/images/I/51tR1HZJ3qL._AC_UL320_.jpg,nan
"HP Victus 15 Gaming Laptop - 12th i5-12450H 8-Cores, 16GB RAM, 512GB SSD, Nvidia GeForce RTX 3050 4GB GDDR6 Graphics, 15.6"" FHD (1920x1080) IPS 144Hz, Backlit, Windows 11 - Performance Blue",34900,https://m.media-amazon.com/images/I/71TN45+oJ0L._AC_UL320_.jpg,nan
"HP Victus Gaming Laptop 15-fb1004ne, CPU: Ryzen 5-7535HS, 16GB RAM,512GB SSD, Graphics Card: NVIDIA GeForce RTX 2050, VRAM: 4GB, Display: 15.6 FHD Antiglare IPS 250 nits 144Hz, Windows 11",32899,https://m.media-amazon.com/images/I/71kr0CP5wvL._AC_UL320_.jpg,4.3
"Lenovo Legion 5 Gaming Laptop + Legion M300 RGB Mouse - 15.6"" WQHD 165Hz, Intel i7-11800H, 16GB RAM, 1TB SSD, NVIDIA RTX 3070 8GB, DOS, Blue - Best for Gaming and High Performance",53466,https://m.media-amazon.com/images/I/61Sqh2visQL._AC_UL320_.jpg,4.0
"ASUS TUF Gaming F15, Intel Core i7-13620H, 8GB DDR5-4800 * 2, NVIDIA GeForce RTX 4060, 8GB GDDR6, 15.6"" (1920 x 1080) 16:10 144HZ, 1TB SSD, Windows 11 (FX507VV-LP156W) 1 Year Perfect Warranty by ASUS",57999,https://m.media-amazon.com/images/I/61AfMgvQi2L._AC_UL320_.jpg,3.0
ASUS TUF A15 2024 FA506NCR- HN007W- Ryzen 7-7435HS- 8GB DDR5-512GB SSD- RTX 3050 4GB- 15.6- FHD- 144Hz - Win 11-90NR0JV7-M001T0,34999,https://m.media-amazon.com/images/I/51IjRtHguSL._AC_UL320_.jpg,nan
"Hp Victus Gaming Laptop 15-fa1082wm - 13th Intel Core i5-13420H, NVIDIA GeForce RTX 4050 6GB GDDR6 Graphics, 16GB RAM, 512GB SSD, 15.6"" FHD (1920x1080) 144 Hz IPS, Backlit, Windows 11 - Mica Silver",48799,https://m.media-amazon.com/images/I/81obPsMhewL._AC_UL320_.jpg,4.5
"Lenovo LOQ 15ARP9 Gaming Laptop - Ryzen 5 7235HS, AI Chip: LA1, NVIDIA GeForce RTX 3050 6GB GDDR6 Graphics, 12GB DDR5 RAM, 512GB SSD, 15.6"" FHD (1920x1080) IPS 300nits 100% sRGB 144Hz G-SYNC, Win 11",34999,https://m.media-amazon.com/images/I/71LY6Da1zUL._AC_UL320_.jpg,3.5
"Lenovo LOQ 15IAX9 Gaming Laptop- Intel Core i5-12450HX, AI Chip: LA1, 6GB GDDR6 NVIDIA GeForce RTX3050, 8GB DDR5 RAM, 512GB SSD, 15.6"" FHD (1920x1080) IPS 100% sRGB 144Hz, RGB Mouse, 2 Years Warranty",38650,https://m.media-amazon.com/images/I/61k+wH3J2VL._AC_UL320_.jpg,5.0
"Lenovo IdeaPad 1, CPU: Intel® Core™ i7-1255U, 8GB Soldered DDR4-3200, Display: 15.6"" FHD (1920x1080) TN 220nits Anti-glare, 512GB SSD, Windows® 11 Home (82QD00AXED) 2 Years Local Warranty by Lenovo",21945,https://m.media-amazon.com/images/I/512xlVG4eJL._AC_UL320_.jpg,3.2
"Acer Nitro V ANV15-NH.QPGEM.001 AMD Ryzen 5-7535HS 8GB RAM 512GB SSD NVIDIA GeForce RTX 2050 4GB Graphics 15.6"" LCD Gaming Laptop - Black",28100,https://m.media-amazon.com/images/I/81t0TeqQNyL._AC_UL320_.jpg,1.0
"HP Victus Gaming Laptop (15-fb0032ne), CPU: Ryzen 7-5800H , 16GB DDR4 2DM 3200 Graphics Card: Nvidia GeForce RTX 3050 , VRAM: 4GB, Display: 15.6 FHD IPS 250 nits 144Hz Narrow Border, 1TB, Windows 11",52360,https://m.media-amazon.com/images/I/61e3wMTcKQL._AC_UL320_.jpg,4.2
"Lenovo LOQ 15IRX9 Gaming - 14th i7-14700HX 20 Cores, AI Chip: LA1, NVIDIA GeForce RTX 4060 8GB GDDR6 Graphics, 16GB DDR5-5600 RAM, 1TB SSD, 15.6"" FHD (1920x1080) IPS 300nits 144Hz 100% sRGB //2 Years/",61053,https://m.media-amazon.com/images/I/61veW5uEbRL._AC_UL320_.jpg,nan
"Lenovo LOQ 15IRX9 Gaming Laptop - 13th Intel Core i7-13650HX, 16GB DDR5 RAM, 1TB SSD, AI Chip: LA1, NVIDIA GeForce RTX 3050 6GB GDDR6 Graphics, 15.6"" FHD (1920x1080) IPS 144Hz 100% sRGB, Win 11",49899,https://m.media-amazon.com/images/I/81iInRTA6tL._AC_UL320_.jpg,nan
Sponsored Ad – i-520 Gaming Sound Bar - 6W - Stereo Sound 2.0 - High Quality - USB Powered - Perfect for PC and Laptop - Black,450,https://m.media-amazon.com/images/I/51OBYEywP4L._AC_UL320_.jpg,nan
"Sponsored Ad – FANGOR Portable Monitor, 15.6"" FHD 1080P Travel Monitor for Laptop, Ultra-Slim HDR IPS Computer Gaming Display, USB-C HDMI Screen Extender with Smart Cover for Laptop PC Phone Mac Xbox PS4/5 Switch",15999,https://m.media-amazon.com/images/I/711KL6MNTaL._AC_UL320_.jpg,4.2
"Sponsored Ad – MAGICRAVEN 2.5K Portable Monitor, 17.3 Inch 1440P IPS Laptop Monitor, Dual USB C HDMI Second Computer Screen, VESA Gaming Display with 2 Speakers, Travel Monitor for Laptop PS4/5 PC Phone Xbox Switch",20999,https://m.media-amazon.com/images/I/71pAWcZe79L._AC_UL320_.jpg,4.2
"Sponsored Ad – i-580 Sound Bar Gaming Headset, Powerful Sound with High Quality - 3W 2.0 Channel USB Powered for PC and Laptop - Black",550,https://m.media-amazon.com/images/I/71zz7cSH3zL._AC_UL320_.jpg,nan
"HP Victus 15-fb2082wm Gaming Laptop - Ryzen 5 8645HS Latest Generation, 8GB RAM DDR5-5600 MHz, 512GB SSD, NVIDIA GeForce RTX 4050 6GB GDDR6 Graphics, 15.6"" FHD IPS 144Hz, Backlit Keyboard, Win11",38015,https://m.media-amazon.com/images/I/61Y4Cp5otEL._AC_UL320_.jpg,3.7
"Lenovo LOQ 15IRX9 Gaming Laptop - 13th Intel Core i7-13650HX 14 Cores, AI Chip: LA1, NVIDIA GeForce RTX 4050 6GB GDDR6 Graphics, 16GB DDR5 RAM, 512GB SSD, 15.6"" FHD (1920x1080) IPS 300nits 144Hz grey",45999,https://m.media-amazon.com/images/I/51sfAk+pcQL._AC_UL320_.jpg,4.2
"Lenovo LOQ 15IAX9 Gaming Laptop- Intel Core i5-12450HX, AI Chip: LA1, 4GB GDDR6 NVIDIA GeForce RTX2050, 8GB DDR5 RAM, 512GB SSD, 15.6"" FHD (1920x1080) IPS 100% sRGB 144Hz, RGB Mouse, 2 Years Warranty",28999,https://m.media-amazon.com/images/I/51rSsB82hZL._AC_UL320_.jpg,nan
"Lenovo Legion Pro 5, Intel Core i7-13700HX, 16GB DDR5-4800, 16"" WQXGA (2560x1600) IPS 500nits Anti-glare, 100% sRGB, 240Hz,1TB SSD, Windows 11 Home (82WK00AKED) 2 Years Local Warranty by Lenovo",64661,https://m.media-amazon.com/images/I/51hGmOBkIsL._AC_UL320_.jpg,4.0
"Lenovo LOQ 15ARP9 Gaming Laptop - Ryzen 7 7435HS, AI Chip: LA1, NVIDIA GeForce RTX 4060 8GB GDDR6 Graphics, 16GB DDR5 RAM, 512GB SSD, 15.6"" FHD (1920x1080) IPS 300nits 100% sRGB 144Hz G-SYNC, Win 11",54199,https://m.media-amazon.com/images/I/61F9bJVMGKL._AC_UL320_.jpg,4.7
"Lenovo LOQ 15IAX9 Gaming Laptop- Intel Core i5-12450HX, AI Chip: LA1, 4GB GDDR6 NVIDIA GeForce RTX2050, 16GB DDR5 RAM, 512GB SSD, 15.6"" FHD (1920x1080) IPS 100% sRGB 144Hz, RGB Mouse",29999,https://m.media-amazon.com/images/I/61k+wH3J2VL._AC_UL320_.jpg,5.0
"Lenovo Legion 5 15ACH6 Gaming Laptop - Ryzen 5-5600H, 16 GB RAM, 512 GB SSD, NVIDIA GeForce RTX 3050 Ti 4GB GDDR6 Graphics, 15.6"" FHD (1920x1080) IPS 120Hz, Backlit Keyboard, WIN 11",40999,https://m.media-amazon.com/images/I/51M5LTNoZ4L._AC_UL320_.jpg,3.5
"Lenovo IdeaPad Slim 3 15IRH8 Intel Core i5-13420H 512GB SSD 8GB RAM Intel UHD Graphics 15.6"" Windows 11 Laptop, Arctic Grey",24199,https://m.media-amazon.com/images/I/51VXgmHMm+L._AC_UL320_.jpg,nan
"MSI Thin GF63 12UCX | i5-12450H | RTX 2050 GDDR6 4GB | DDR4 8GB 3200MHz | Gen4x4 512GB NVMe PCIe SSD | 15.6"" FHD 144Hz 45%NTSC IPS-Level | 2 Year Local Warranty | + Gaming Gear Bundle",33615,https://m.media-amazon.com/images/I/51TOPfOnS-L._AC_UL320_.jpg,3.3
"Lenovo Legion 7 Gaming Laptop, 16"" WQXGA 2560x1600 IPS 165Hz Display, Intel Core i7-11800H, NVIDIA GeForce RTX 3080 16GB, 32GB DDR4 RAM, 1TB SSD, RGB Backlit Keyboard, E-shutter, Storm Grey",105188,https://m.media-amazon.com/images/I/61+8vLSjaeL._AC_UL320_.jpg,4.0
"HP Victus 15-fb0049ne Gaming Laptop - Ryzen 5-5600H 6-Cores, 8 GB RAM, 512GB SSD, 15.6"" FHD (1920X1080) 144 Hz IPS, AMD Radeon RX 6500M 4GB GDDR6 Graphics, Backlit Keyboard - Mica Silver",29899,https://m.media-amazon.com/images/I/61PPFqA2P2L._AC_UL320_.jpg,3.7
"HP Victus 16-r0043ne Gaming Laptop - 13th i7-13700H 14-Cores, 16 GB DDR5-5200 MHz RAM, 1TB SSD, 16.1"" FHD (1920X1080) 144 Hz IPS, NVIDIA GeForce RTX 4060 8GB GDDR6 Graphics, Backlit Keyboard - Blue",58946,https://m.media-amazon.com/images/I/71TN45+oJ0L._AC_UL320_.jpg,nan
"MSI Thin 15 B12UCX|i5-12450H| RTX 2050 4GB| 8GB RAM DDR4 3200Mhz | 512GB NVMe Gen4x4| 15.6"" IPS FHD 144Hz 45% NTSC Display| Blue Backlit Gaming Keyboard| DOS| Cosmos Gray| 2 Years Local Warranty",27999,https://m.media-amazon.com/images/I/51cHVnHx2vL._AC_UL320_.jpg,nan
"HP Victus 16-r0059wm Gaming Laptop - 13th i7-13700H 14-Cores, 16GB DDR5-5200 MHz, 1TB SSD, 16.1"" FHD (1920X1080) 144 Hz IPS, NVIDIA GeForce RTX 4060 8GB GDDR6 Graphics, Win 11 + HyperX Wired Headset",93899,https://m.media-amazon.com/images/I/61FzwmvH0GL._AC_UL320_.jpg,4.6
"MSI Katana 15 B13VGK Intel Core i7-13620H Processor Nvidia RTX 4070 GDDR6 8GB Graphics 16GB DDR5 RAM 512GB NVMe PCIe SSD Gen4x4 Win11 Home Laptop, 15.6-Inch QHD Screen, Black",69999,https://m.media-amazon.com/images/I/51fhybjOMnL._AC_UL320_.jpg,nan
"Lenovo Legion 7 Gaming Laptop, Intel Core i7-11800H, 16"" WQXGA 165Hz, NVIDIA RTX 3070 8GB, 32GB DDR4 RAM, 1TB PCIe 4.0 SSD, Per-Key RGB Keyboard, Wi-Fi 6, Windows 11, Arabic/English - Storm Grey",79900,https://m.media-amazon.com/images/I/51ChRDVmEUL._AC_UL320_.jpg,nan
"DELL G15 5530 Gaming Laptop - 13th Intel Core i5-13450HX, 16GB DDR5-4800 MHz RAM, 512GB SSD, NVIDIA GeForce RTX 3050 6GB GDDR6 Graphics, 15.6"" FHD (1920x1080) 120Hz, 4Z RGB Backlit Keyboard, Ubuntu",45699,https://m.media-amazon.com/images/I/51Iex1kndNL._AC_UL320_.jpg,3.5
"HP OMEN 16-k0033dx Gaming Laptop - 12th Intel Core i9-12900H, 16GB DDR5 RAM, 1TB SSD, 16.1"" QHD (2560x1440) 165 Hz IPS 300 nits, NVIDIA GeForce RTX 3060 6GB GDDR6 Graphics, 4Z RGB backlit, Windows 11",53424,https://m.media-amazon.com/images/I/61-9obcBKJL._AC_UL320_.jpg,3.7
"Apple 2024 MacBook Pro Laptop with M4 Max, 16‑core CPU, 40‑core GPU: Built for Apple Intelligence, 16.2-inch Liquid Retina XDR Display, 48GB Unified Memory, 1TB SSD Storage; Space Black",239999,https://m.media-amazon.com/images/I/61hw7aZWYSL._AC_UL320_.jpg,4.6
"MSI Thin 15 B13UC|i7-13620H| RTX 3050 4GB| 16GB RAM DDR4 3200Mhz | 512GB NVMe Gen4x4| 15.6"" IPS FHD 144Hz 45% NTSC Display| Blue Backlit Gaming Keyboard| DOS| Cosmos Gray| 2 Years Local Warranty",39250,https://m.media-amazon.com/images/I/51+0kdRrlVL._AC_UL320_.jpg,nan
ASUS ROG Strix SCAR 17 G733PY-LL009W AMD Ryzen™ 9 7945HX 32GB DDR5 2TB SSD NVIDIA GeForce RTX 4090 16GB GDDR6 17.3 WQHD (2560 x 1440)240Hz Win 11 Gladius Mouse P514 Gladius Mouse P514,172999,https://m.media-amazon.com/images/I/61CwSaEvRYL._AC_UL320_.jpg,5.0
"HP Victus 15 Gaming Laptop 15.6"" FHD IPS 144Hz, 6-Core AMD Ryzen 5-8645HS up to 5.0 GHz, RTX 4050 6GB GDDR6, Backlit Keyboard, Long Battery Life, 16GB DDR5-5600 MHz, 512GB SSD, Win11",43299,https://m.media-amazon.com/images/I/71k3cuOZSTL._AC_UL320_.jpg,3.7
HP ProBook 450 G10 (816P4EA) Core i7-1355U 10 Cores - 16GB DDR4-1TB SSD - RTX 2050 4GB - 15.6 FHD IPS - Fingerprint - Backlit KYB - DOS,46499,https://m.media-amazon.com/images/I/61nBSp60zOL._AC_UL320_.jpg,5.0
"HP Laptop 15s (15s-fq5048ne), CPU: Core i3-1215U, 4GB DDR4 1DM 3200 Graphics Card: Intel UHD Graphics - UMA, VRAM: Shared, Display: 15.6 FHD SVA 250 nits Narrow Border, 256GB, Windows 11",14499,https://m.media-amazon.com/images/I/61d4ZL2o-ML._AC_UL320_.jpg,3.7
"Hp Victus 15-fa1041ne Gaming Laptop - 13th Intel i5-13500H 12-Cores, 6GB GDDR6 NVIDIA GeForce RTX 3050 Graphics, 8GB RAM, 512GB SSD, 15.6"" FHD (1920x1080) 144Hz IPS, Backlit Keyboard, Performance Blue",39999,https://m.media-amazon.com/images/I/71TN45+oJ0L._AC_UL320_.jpg,4.4
"Hp Victus 15-fa1036ne Gaming Laptop - 13th Intel i5-13500H 12-Cores, 6GB GDDR6 NVIDIA GeForce RTX 4050 Graphics, 16GB RAM, 512GB SSD, 15.6"" FHD (1920x1080) 144 Hz IPS, Backlit Keyboard - Mica Silver",45999,https://m.media-amazon.com/images/I/61r-wfFcTYL._AC_UL320_.jpg,4.4
"DELL G15 5530 Gaming Laptop - 13th Intel Core i7-13650HX 14 Cores, NVIDIA GeForce RTX 4050 6GB GDDR6 Graphics, 16GB DDR5-4800 MHz RAM, 1TB SSD, 15.6"" FHD (1920x1080) 120Hz, Backlit, Windows 11",63699,https://m.media-amazon.com/images/I/61u3yaCd7VL._AC_UL320_.jpg,3.0
"15.6 Inch Laptop Computer, 16GB DDR4 1TB SSD, Quad-Core Celeron N5095 CPU (up to 2.9 GHz), Student/Business Laptop with 1080P FHD Display, 44WH Battery, 2.4/5G WiFi, BT 4.2, Backlit Keyboard (Silver)",25000,https://m.media-amazon.com/images/I/71J+Oof2eSL._AC_UL320_.jpg,4.0
Sponsored Ad – ONKEMA CW917 Professional Gaming Mouse Wired DPI Switchable 1200/1800/2400/3600 - RGB Lighting - Compatible with PC and Laptop - 1.5 m Cable for Easy Movement - Black,650,https://m.media-amazon.com/images/I/71Ltb-OilKL._AC_UL320_.jpg,nan
"Sponsored Ad – Yxk Portable Monitor 15.6 Inch 1080P USB-C HDMI Ultra-Slim Travel Monitor with Kickstand, for Laptop, PC, Mac Phone, PS, Xbox, Swich IPS Ultra-Thin Zero Frame Gaming Monitor",12999,https://m.media-amazon.com/images/I/614w0p9HF4L._AC_UL320_.jpg,4.8
Sponsored Ad – For Forev FV-205 Computer Gaming Speakers - 3W*2 Wired Stereo Mini - 3.5mm Jack + 2.0 USB Powered For Gaming/Movie/Music/PC/Laptop,299,https://m.media-amazon.com/images/I/511CQy-jmXL._AC_UL320_.jpg,nan
Sponsored Ad – CP2020 Cooling Pad - Adjustable RGB Gaming Laptop Cooling Pad - with Dual Fans - Up to 14 Inch - 2 x USB | MT-CP2020,699,https://m.media-amazon.com/images/I/81vrwX6l77L._AC_UL320_.jpg,nan
Sponsored Ad – Forev FV-209 Computer Gaming Speakers - 3W*2 RGB Lights Wired Stereo Mini - 3.5mm Jack + 2.0 USB Powered For Gaming/Movie/Music/PC/Laptop,395,https://m.media-amazon.com/images/I/61qlYQKQG+L._AC_UL320_.jpg,4.7
"Sponsored Ad – MOTOSPEED RGB Gaming Mouse Pad -LED Lighting Effects,Wired,Hard Surface Gamer Mouse Mat for Laptop Computer PC Games(13.8X9.8 Inch)",499,https://m.media-amazon.com/images/I/41arQttLquL._AC_UL320_.jpg,4.5
"Sponsored Ad – AULA S80 Programmable Gaming Mouse, 7200 DPI Wired PC Mouse, 12 Rainbow RGB Backlit Wired Mac Gaming Mouse, Multi-Device Computer Mouse for PC/Mac Laptop, Tablet, Desktop",575,https://m.media-amazon.com/images/I/61xRgU5gZpL._AC_UL320_.jpg,3.0
"Sponsored Ad – Business Smart Waterproof Sleeve 15.6"" with Soft Interior for Dell, Alienware, MSI Gaming, HP, Apple MacBook, Microsoft Surface Laptop, Book, Huawei, Lenovo, ASUS, Samsung (Grey)",799,https://m.media-amazon.com/images/I/81r2aaH3k0L._AC_UL320_.jpg,nan
