title,price
Unbarbaad : For Those Who Feel Lost by Shobhit Nirwan,₹249.00
"Too Good to Be True : A smart, funny will-they-won’t-they romance by mostlysane",₹239.00
Dopamine Detox : A Short Guide to Remove Distractions and Get Your Brain to Do Hard Things,₹189.00
The Psychology of Money,₹285.00
My First Library: Boxset of 10 Board Books for Kids,₹398.00
Atomic Habits,₹491.00
"White Nights – Fyodor Dostoyevsky | A Million-Copy Bestseller | A Timeless Story of Love, Longing & Solitude – Penguin Classics",₹118.00
Rd Sharma Class 10 Maths 2025-26 CBSE Examinations | R D Sharma Class 10 Mathematics with MCQ Book (Set of 2 Books),₹607.00
"PW NTA NEET Rankers Test Series 2025 Updated as per Latest NEET Pattern 180 Questions Verified & Curated by Expert Faculties | 10 Full Syllabus + 4 Part Syllabus (Class 11 & 12) | OMR Sheet, Solution Booklet with NCERT References",₹569.00
Animals Tales From Panchtantra: Timeless Stories for Children From Ancient India,₹199.00
The Power of Your Subconscious Mind: Original Classic Edition | Premium Paperback,₹149.00
Thank You for Leaving: Learning to be okay with saying goodbye | A new book by one of India’s highest selling authors - Rithvik Singh,₹205.00
GUNAHO KA DEVTA,₹222.00
"Little Colouring Books for Kids (Set of 10 Books) - Gift to children for painting, drawing and coloring - Alphabets, Animals, Birds, Flags, Flowers, ... Transport, Vegetables - 3 to 6 years old",₹195.00
"The Art of Being Alone: Loneliness Was My Cage, Solitude Is My Home (English)",₹198.00
Khan Sir Pocket GK General Knowledge (Samanya Gyan) By Khan Sir 2nd Revised September 2024 Edition useful for all competitive Exams,₹214.00
Don't Believe Everything You Think (English),₹198.00
"Moral Story Books for Kids (Illustrated) - English Short Stories with Colourful Pictures - Bedtime Children Story Book - 3 Years to 6 Years Old Children - Read Aloud to Infants, Toddlers (Set of 10 Books)",₹228.00
"Story Books for Kids - Second Reader (Illustrated) (Set of 6 Books) - Phonic stories - Bedtime Stories - 3 Years to 6 Years Old - Read Aloud to Infants, Toddlers",₹139.00
Mythakon Se Vigyan Tak RAZA GAUHAR RAZA GAUHAR,₹299.00
My First Book of Patterns Pencil Control: Patterns Practice book for kids (Pattern Writing),₹129.00
Grandma's Bag of Stories (R/J),₹163.00
"Writing Practice Boxset: Pack of 4 Books (Writing Fun: Write And Practice Capital Letters, Small Letters, Patterns and Numbers 1 to 10)",₹199.00
Can We Be Strangers Again?,₹297.00
Ikigai: Japanese secret to long and happy life,₹354.00
Money Myths and Mantras,₹275.00
My First 365 Coloring Book: Jumbo Coloring Book For Kids (With Tear Out Sheets),₹199.00
The Mountain Is You: Transforming Self-Sabotage Into Self-Mastery (English),₹250.00
Think Like a Monk 1st edition - Train your M,₹315.00
All In One Science CBSE Class 10th Based On Latest NCERT For CBSE Exams 2025 | Mind map in each chapter | Clear & Concise Theory | Intext & Chapter Exercises | Sample Question Papers,₹399.00
All In One Social Science CBSE Class 10th Based On Latest NCERT For CBSE Exams 2025 | Mind map in each chapter | Clear & Concise Theory | Intext & Chapter Exercises | Sample Question Papers,₹375.00
Meditations,₹139.00
The Art of Letting Go,₹198.00
Amma Diarylo Konni Pageelu,₹215.00
The Diary of A Young Girl,₹139.00
"My First Mythology Tale (Illustrated) (Set of 5 Books) - Mahabharata, Krishna, Hanuman, Ganesha, Ramayana - Story Book for Kids [Paperback] Maple Press",₹179.00
BlackBook of English Vocabulary May 2024 by Nikhil Gupta,₹285.00
Norwegian Wood: Million copy bestseller by Japanese author Haruki Murakami,₹359.00
Man's Search For Meaning: The classic tribute to hope from the Holocaust | Must read classics by Victor E. Frankl,₹195.00
Coloring Books Box Set: Pack of 12 Copy Color Books For Children,₹369.00
The Golden Road : How Ancient India Transformed the World,₹585.00
Magic of the Lost Temple (Over 2 Lakh Copies sold),₹165.00
"Indian Polity (English) by M Laxmikanth for UPSC CSE 2025 | 7th edition (latest) | Civil Services Exam - Prelims, Mains and Interview | State PSCs exams/ PCS exams | Exclusive access to McGraw Hill edge online platform: Practice tests, Expert sessions, Preparation strategy and much more",₹740.00
The Power of Your Subconscious Mind: Original Edition | Premium Paperback,₹149.00
S ISLAMIC STORE original product - The Holy Quran English with New Edition Urdu Translation & Transliteration in Roman Script with Transliteration & Arabic Text 5 Star Paper Quality (HUDA QURAN),₹459.00
1001 Ultimate Brain Booster Activities for 4+ Years Old Kids |Enhance the Child Mind with Cognitive Excellence with Interactive Activity Book,₹319.00
101 Pencil Control Activity Book For Kids: Tracing Practise Book Age 2+,₹179.00
NCERT Textbooks in English for class 12 - Flamingo and Vistas - 12074 &12075,₹120.00
Shrimad Bhagwat Geeta Yatharoop (Hindi),₹220.00
Word Power Made Easy By Norman Lewis (More than 700 Pages),₹153.00
World’s Greatest Books For Personal Growth & Wealth (Set of 4 Books) : Perfect Motivational Gift Set,₹349.00
"PW NTA NEET Rankers Test Series 2025 Verified & Curated by Expert Faculties | 10 Full Syllabus + 4 Part Syllabus (Class 11 & 12) | OMR Sheet, Solution Booklet with NCERT References",₹566.00
Master Your Emotions: A Practical Guide to Overcome Negativity And Better Manage Your Feelings,₹275.00
Rich Dad Poor Dad: What the Rich Teach Their Kids About Money That the Poor and Middle Class Do Not!,₹354.00
The Alchemist,₹258.00
Days at the Morisaki Bookshop : The International Bestseller for lovers of Before the Coffee Gets Cold: A charming and uplifting story on the healing power of books,₹260.00
1001 Jumbo Brain Booster Activities for 5 to 8 Years Old Kids|Enhance the Child Mind with Cognitive Excellence with Interactive Activity Book,₹319.00
All In One Information Technology CBSE Class 10th Based On Latest NCERT For CBSE Exams 2025 | Mind map in each chapter | Clear & Concise Theory | Intext & Chapter Exercises | Sample Question Papers,₹199.00
"Quantitative Aptitude (Revised Edition 2025): For All Govt. Competitive Exams for Banking, SSC CGL CHSL MTS GD, RRB Railway, Police, UPSC Civil Service, IBPS, SBI BANK PO | S Chand Exam Book 2025",₹468.00
Lucent Gk 2024 New Edition - English | Lucent's General Knowledge 2024 in English | Latest Updated Contents - 14th 2024 & Updated Page 494 & MRP 295 | Original Book & 3-D Hologam with Scratch | Useful all Govt and Other 2024-25 Exams,₹239.00
"1200+ Activity Book For Kids 4+ Years Old | Adventures Puzzle Activity, Maze, Mind Games Fun Activity and Brilliant Brain Activity Book For Growing Minds | Endless Fun - PW Kids",₹289.00
Angreji Padhne Ka Ramban Trick | English Reading Spelling Book | Phonics Book | Pronunciation Book | Spelling Rules by Sanjeev Kijani,₹395.00
The Cantonment Conspiracy: A Military Thriller,₹379.00
The 5 Types of Wealth : A Transformative Guide to Design Your Dream Life,₹109.00
Metamorphosis,₹403.00
All In One English Language & Literature CBSE Class 10th Based On Latest NCERT For CBSE Exams 2025 | Mind map in each chapter | Clear & Concise Theory | Intext & Chapter Exercises | Sample Question Papers,₹179.00
Gurukanth® Premium All in One Flash Cards Book for Kids Toys for 1-6 Years Old Boy and Girls (Laminated Non-Tearable Board flashcards - Water Proof) | abcd Early Learning Educational Montessori Toy for 1 2 3 4 5 6 + Year Old Baby | Return gifts for birthday party for kids,₹119.00
"Brain Activity Book for Kids - 200+ Activities for Age 3+ - Kids Activity Book - Early Learning - Activities for Children - Maths, English, Mazes, Spot the Differences, Word Search - Activity Book for 5 Year Old",₹592.00
"THE 48 LAWS OF POWER [Paperback] Greene, Robert",₹306.00
"The Vegetarian by Han Kang, Winner of the 2024 Nobel Prize in Literature",₹252.00
Oxford Student Atlas for India | 6th Edition | For UPSC and Competitive Exams | Latest Edition Paperback –January 2025,₹129.00
Siddhartha,₹567.00
"SSC Maths Chapterwise & Typewise Solved Papers Till January 2025 TCS PYQs Covered for CGL,CPO,CHSL,MTS,Delhi Police & Constable GD (English Medium)(5263)",₹368.00
"PW Physics Med Easy 2.0 Notes | Notes, Formulas, Mnemonics, Tips & Tricks for NEET/JEE & Board Exams | Dr. Manish Raj (MR Sir) Physics Handwritten Notes",₹324.00
"The Palace of Illusions: 15th Anniversary Edition [Paperback] Banerjee Divakaruni, Chitra",₹360.00
NTA UGC NET '24 Paper 1 By Kvs Madaan|Teaching And Research Aptitude Net/Set/Jrf|Includes 2023 paper (3 Sets) & 23 years chapter wise solved previous year questions|Includes 2600 questions,₹163.00
"Grandpa’s Bag of Stories | An illustrated collection of timeless tales from India’s favourite storyteller, perfect for read along | Ages 8 and up",₹109.00
Addition and Subtraction Activity Book For Children - 80+ Activities Inside,₹346.00
"Courage To Be Disliked, The: How to free yourself, change your life and achieve real happiness",₹513.00
"NTA UGC NET Paper 1 2025: Teaching & Research Aptitude | 3000+ Practice Questions | Solved Unit-wise Previous Years' Questions (2014 - 2024) PYQs | 100+ Video Lectures, Mind maps & Flowcharts | Online Mock Tests | Exclusive access to McGraw Hill edge online platform: Practice tests, Expert sessions, Preparation strategy and much more",₹460.00
30 Topic-wise UPSC Civil Services IAS Prelims Previous Year Solved Papers 1 & 2 (1995 - 2024) 15th Edition | General Studies & Aptitude (CSAT) PYQs Question Bank,₹369.00
101 Tales The Great Panchatantra Collection - Collection of Witty Moral Stories For Kids For Personality Development (Hardback),₹119.00
"201 Brain Booster Activity Book - Fun Activities and Exercises For Children: Tracing & Pattern, Colors & Shapes, Maze",₹233.00
The Psychology of Money (Tamil),₹227.00
The Very Hungry Caterpillar [Board book] Eric Carle,₹142.00
English Chart For Kids (16 Charts ) 36 x 50 cm - Children Spiral Wall Picture Chart,₹280.00
Lucent's General Knowledge + Arihant General Knowledge 2025 - Set of 2 Books,₹180.00
psychology of money,₹274.00
The 5 AM Club – Own Your Morning. Elevate Your Life – Paperback – 19 December 2018,₹349.00
Neetu Singh Vol-1 | English for General Competitions | Updated 2025 Edition | KD Publication | Best For All Government Exams,₹189.00
"Things I Can't See by SAM & MI: Unique Book for Kids on Empathy, Help Kids Recognize Emotions & Feelings, Story Books for 3+ Year Old Children, Gifts for Toddlers, Girls & Boys Ages 3, 4, 5, 6, 7, 8",₹325.00
"PW All in One RRB Group D Level-1 For 2024-25 Exam | Chapterwise Theory, Short Tricks and Exercises | 15 Previous Year Solved Papers (PYQs) 2018 & 2022 with 15 Practice Sets",₹199.00
Mandala Art: Colouring books for Adults with tear out sheets,₹272.00
"PW All in One RRB Group D Level-1 For 2024-25 Exam Hindi | Chapterwise Theory, Short Tricks and Exercises | 10 Previous Year Solved Papers (PYQs) 2018 & 2022+5 Online Practice Sets",₹209.00
